x,y
-0.2859804115826534,1.1490421638692558
-0.2962877092577985,1.20422265272782
-1.1576716812380012,-1.4065452912449878
-0.6538023628339784,-0.9935248145454376
1.3470718678969364,1.3299421406426482
1.534417045550548,-0.8730182282209533
0.0337825765779836,0.7931616187689835
0.854874513294885,1.4066546890774008
-0.3607189128628169,1.0804325745038237
1.612751809728415,-0.9296834269948372
-1.4202253297673186,-0.4443000780164177
-1.0179561482958883,-0.8047246729085344
-1.2811954739971334,2.028564637048941
-0.5255689145527959,-0.9386290970684834
0.8628812388820811,-0.1952330637306016
0.8484733877181808,1.2788380186986132
-1.1403604394777804,-1.4575552416841226
0.9128826410905398,-0.2454097908671292
-0.9362643592475464,0.5715536008227721
-0.1799296684533297,-0.7574333841391363
0.3029468380113664,-1.1498427493274332
-0.201143297021509,-0.8102344909575345
-1.143254019292515,-0.7677995916356869
-1.1828737589072404,-1.4783547705437063
-1.1148737106997015,-1.4930590798263206
-0.0916413531101971,-0.8052044614286208
0.8387473067819015,-0.2350752449935391
-0.2591177941796942,1.028679295692747
1.5741023491069928,-0.8152926515522264
1.1833851386414482,0.0105648916538813
-0.0814859486383476,0.8595021853162308
-0.0787576281065601,-0.7572355970695787
-1.509118301496694,-0.3637412778456326
-1.2106917896393397,-1.4124192666390147
0.0298427060157089,0.8012627216289894
-0.5369607146456401,-1.118922866827551
-0.968538902304998,0.4466810789441223
-0.7165473603372335,-1.020122791944002
1.5330623487562358,-0.8694829101246845
-0.3681451211814194,0.9551912364091804
0.2922690260777663,-1.2422102332486176
-0.146486127812468,-0.7849348206501653
0.3124440569772569,-1.1412507335946789
-1.160304096993902,1.9796222166442663
-1.4751730116580124,-0.4114850307713026
-0.2984598613877195,0.9650579439833278
1.2323821772112138,0.1232550556497154
1.2116697109291588,0.0219962859049981
1.5916673930406289,-0.8422763203873007
1.5538566019716171,-0.8628514177222678
-0.1452766395531977,-0.733445066322857
1.5531101129343494,-0.9216094407890848
-1.1057292160599108,-0.8662162956135153
-1.007315640126342,0.5227962070206855
-1.0261548325102132,-1.43737705347858
-0.9429927165937156,0.5686590451509443
-1.5085847761364604,-0.4621460431015315
-0.2753260224684009,1.0854634773799894
-0.6182793243909586,-1.0513018697935317
-0.0084380320527245,0.8009912992494437
-0.1411396517706422,-0.6941956150343619
0.8537027025522653,-0.1156262868933135
0.3530429484480449,-1.2627900758275852
-1.407392791840699,-0.3866571238583648
-1.1647547516386605,-0.8875436723247625
-0.6621364103153186,-1.0490520700827255
1.3127691707190403,-0.971431669056258
0.0129454853860589,0.7955265937666881
-0.890388616772551,0.4978873448274823
-1.1771229859201158,-1.3909595765155536
1.183684326060671,0.0532450037807846
-1.4810627028979886,-0.3387835129434896
-0.3584447606720721,1.175855871542547
-1.1238802842433544,-0.817114161514638
0.7270544452247314,1.2821890269943566
1.1594504744183054,0.0474918320940994
-0.1762366191289056,-0.7459271853233865
-1.087450029455731,-0.7700198685766237
-0.0990303086285189,-0.875380336592921
1.2449989486509578,0.0840683379636552
-0.9058076068704136,0.4523619149847342
0.0041523056051679,0.8335281837589581
-1.4024949802838762,-0.3289185762850218
0.2977200740788881,-1.1833483871470176
-1.24368580238894,2.026478733322082
-1.0103467776311286,0.4490016165473908
-0.0423876442032124,0.8599675236560536
0.9459693368240276,-0.2480878205662
0.0017369127509213,0.7693526054772668
-0.951383662981624,0.518883076196389
-1.3562623335513304,1.9518298990521696
0.8445387674259728,-0.2206837744806713
-1.510676094451288,-0.314786335410427
0.0580847181613054,0.7980672351693419
-0.1898152652463436,-0.8320917687972073
1.1768375130571167,0.0584253043402284
0.8965033544187508,-0.1957389943963908
-0.6191609199003327,-0.9113152651726392
1.4709895252299912,1.1784983052506923
-0.0636271417342649,-0.7975686526486033
-0.3298027464271958,1.08099111293458
1.4549439298041411,1.213866260335781
0.9415837987410858,-0.3233485866656397
-0.3767218898801509,1.0959137821519007
-1.3130851798406855,2.0738685857883485
-1.0468226160137148,-1.538983434394212
-0.1776711037441392,-0.8490389090987529
1.5609120962666203,-0.8344902034350528
0.8485569071162146,-0.1719585806320774
-1.1583708433813154,-0.7236653444941235
1.5003886941421103,-0.8392258200724579
0.3027210767755331,-1.2682973166046796
-1.077114716167921,-1.3923739008882148
-0.0098278862827012,0.8661033894280527
-1.1201730353700303,-0.70942919330284
0.9185913468657662,-0.2939923949123855
-0.4795842733399698,-0.9470208624235716
-1.375466477699033,1.94642380718715
1.455813445313348,1.1387442466531914
-1.3335513990009038,1.9571666704648467
0.8399902046658022,1.3252767262619372
1.5728882247763531,-0.8242112454275812
0.928560376666032,-0.2681287902118014
1.577189975871765,-0.9254405963274586
1.518082277525349,-0.8737734857398388
-0.0384224964483356,0.7488524932864882
0.9053394820307986,-0.3266997215575476
1.2547814145268466,0.0870937244394194
0.3157012405492952,-1.1754204548147618
0.7987667814375509,1.1697444594828963
-0.1462203284414471,-0.8021477203542511
0.8804661928093314,1.2918140276136192
-1.3160746983907616,1.9775302799033083
-1.119373497457413,-0.8182316348482965
0.869939001324927,1.207586076012151
-1.2597964893531557,1.913638053698247
1.4615298124957437,1.1351555789855263
0.7694239737509032,1.2096343860673575
0.0410611166798619,0.8475172284146653
1.4090316411691413,1.219750190890311
-1.3393471084055202,1.882555097063604
-1.164413209952795,-0.815299544214154
-1.1458325042250268,-0.7532591676263122
-1.1026092295372216,-0.8132123518879285
-0.8927914648742094,0.4931052699444951
0.011620626743186,0.8293109927872891
-1.3965694994163105,1.9943001711864183
0.8205894510816916,-0.2289965874839229
-1.3553216237099917,2.006746692090997
0.9086111137716764,-0.3061409446160608
-1.1168165386811024,-0.8518738312618904
-1.1156846957516562,-0.7594428535081428
0.0623852839013001,0.8995111241924332
-1.2097337108321975,-1.406016324781073
0.8794576458065606,-0.3029758831708143
-1.2037493997376796,-1.4079234713788171
-0.1356932269034264,-0.8544392392010254
1.5461277720714872,-0.9410521709509174
1.433105248440459,1.213291148766035
1.419479603623168,1.1498635507669317
0.4006211546981303,-1.2394571285937324
-1.1573668159329895,-0.7784002496977933
0.9511079039391024,-0.2891198677169762
-0.2688595248821729,1.0733978458322273
-0.6515468789928237,-0.9302505253659348
-0.6662491098871566,-0.8699504962432243
-0.1380179383444984,-0.8417024480000909
-1.4254383896186735,2.0925097733625497
-1.4976841796477949,-0.3471876407656805
0.4527070172939689,-1.20361335688119
-1.1662121629816329,-1.4233710775217618
-0.13657937706675,-0.8793974395293405
0.7982678221311473,1.2702329776586545
0.9050219222027156,-0.2541150076641286
0.875807665277601,-0.2773513774484528
0.4028743356446738,-1.2563634932268892
-0.9102358498332366,0.4524517175672136
0.8025243159197105,1.3195489557374032
-1.0015286310717744,0.5113562114366618
-1.5055421614897564,-0.4106933060965034
-1.0871568121535875,-0.8397598514559739
-0.0954405928178261,-0.888955718202688
0.9027815598435204,-0.1903604046482064
0.8495309244635113,-0.2115918736806542
-0.1988937306302834,-0.7292246171618725
0.8874706129704374,-0.2081767824052871
-0.9263572566561028,0.508529148307355
0.3292575354019524,-1.1469822393058209
-1.280589395613095,2.0269913235409303
-1.3345668524836156,1.9173359090345303
0.8385385024210464,-0.2653563491699645
-0.876327026199845,0.4773359898008443
-1.2401865747633811,1.999665577691373
-0.2639793109899165,1.1234939719871269
-1.1557151994417374,-0.8027563878495368
1.4790652529160226,1.2073763266813884
0.8256745298079999,1.227274936754969
0.8424733946630667,1.274673961720561
-0.3319491011669301,1.0907507096694655
1.5220099089806738,-0.9394776874856589
1.561755873249986,-0.8356917378170928
-0.5536889341088348,-1.0100888390435958
1.545763221624598,-0.911597177700304
0.3688109631804313,-1.1997323304964065
-0.9371583400581278,0.5152225168307897
-0.9597200489881532,0.5075230536405291
0.9476519906535068,-0.2692994713924852
-1.0856125862689106,-1.4342572999440737
-1.5291538879861988,-0.4077995799137534
0.0449689319286991,0.8106371081706889
-0.9749657968177,0.4565520693972057
1.239559652305206,0.1406764427319155
-1.4598219887839892,-0.3783059966218574
-0.9894140602895576,0.634901471122196
-0.9295266907463676,0.5435184557525279
-0.055575792437746,0.7957730772802911
0.0336414852175095,0.7391304177037317
1.19154585650576,-0.0664093328928279
-0.3015378097298061,1.0336885324612597
0.9295826300773212,-0.2077831147806255
0.2463126551589355,-1.1084458885924418
-1.1410239468390075,-1.4245270132520282
-0.3087555354920462,1.0397778033462466
-0.6861430911025228,-0.9226159660097972
-0.988873049632131,0.5220526732149848
-0.1988283290961569,-0.7737233888500031
1.6162697664228836,-0.8806649631702357
1.5402267357537718,-0.8646460183701993
-0.0398346669827105,0.847891315899231
0.8420432713703825,1.2864898951074422
-1.1169681427867764,-1.3880893742522082
0.9468660335649504,-0.3018122438376576
0.8839484484276925,-0.2040127870594698
0.8830336936608101,-0.2452681913736764
0.8839142145559111,-0.2679627162451495
-0.9420295669243444,0.5053712002605979
1.4926119293177356,-0.9255120278474208
1.1593522422519025,0.052662492104265
0.8989923965490323,1.3488194580073156
-1.1092447448320255,-1.4981700628980543
-0.9813279207535436,0.5496867639805207
-1.4933562046599491,-0.3338085638676268
-0.9876473125271522,0.5506350513493607
0.9184321662010158,-0.3064822723136845
-1.3507299952977516,2.0874223617884886
-1.1406110789417194,-1.4824955634752883
-0.1334164599358635,-0.8568951441500152
0.9521593675511864,-0.283722386334224
0.8739118618714523,-0.3335387660269433
1.093583275805126,-0.0090737329070948
1.4434412230633058,1.2383112345189686
1.205521502393314,0.1025355496852642
1.3690795444287625,1.198544019316468
-0.1094026107299709,0.727646967498758
0.9498790991379767,-0.3068747867252491
1.4258285359238887,1.189358557642488
1.4956498343305835,-0.9258498541482848
0.835440414003772,-0.2367108711200431
-1.1337850065330286,-1.5001524219785922
1.5558798076493685,-0.843515565274377
1.4640965290389492,-0.788803451336076
0.7840543320992693,1.252313730883158
-1.072539563637231,-0.8507383757858963
-1.2497318459139333,2.087368174584568
-0.0478989603388388,-0.8556252861815385
-0.1189372230419208,0.7331145056446852
0.9170955651378152,1.2817568272905389
-0.9915021068532026,0.4877872857575963
0.3192158137928347,-1.1857134586929294
0.3476164992056464,-1.1233094799400627
1.1525860822345488,0.0522405583027768
-0.247609045917841,1.0089804457805305
-0.127758732129661,-0.7266692914877855
-1.3359722544535126,1.881876848741293
-1.4470266357226775,-0.4389818087904857
-1.023885645936462,0.5723965233824583
-1.2993820005689638,2.105924219361909
1.3897766308997064,1.2497824848915493
-0.8868306903781995,0.5075212848537992
-0.5958602631471477,-0.913885184625012
-1.171326190033883,-0.7886143689337921
-1.1206733500675148,-1.446754257197627
1.3878546962767355,1.23694412073527
1.5613464876781498,-0.8799839525456005
0.8427758260042277,-0.2150294602315077
0.8911447420115327,-0.2095662263685367
-0.0904656083030892,-0.8322708310890831
-1.052567707138086,0.4732567487815127
-1.133325505373269,-1.4680389180534208
-0.5730159450099145,-1.0222567806774914
-1.3004190070991175,1.976882335368377
-0.973806967090771,0.5546199195762685
0.3069958267910889,-1.1664713530235344
1.5874942445295803,-0.900602230062493
0.9301003213045472,-0.1685194408388219
1.405666297220043,1.2856256297265096
-1.013306797687426,0.5223504218974868
0.2686098373878204,-1.2441420603269016
0.3454146858541488,-1.1794561553736524
-0.0330791703607376,0.7995945949067176
-0.941290164432058,0.437158604279407
-1.5051964504111883,-0.3756870829833233
1.559925584386031,-0.8478859833974614
-0.9659196237107692,0.5261484593813408
-1.1363259716025105,-0.7907148162489965
0.8604396916871706,-0.2423456759241879
-1.1941661278244105,-1.5167924681449667
-0.1728814086011892,-0.8139401061662708
-0.0557813862892032,0.7985675670697889
-0.1625376293678453,-0.8667842997190598
-0.0819537552278514,-0.8410882098213568
-1.296989338950014,2.023815343182165
1.5817966730511206,-0.9309157509531224
1.6254960113563757,-0.993727419829503
0.8435373402622591,-0.1856708912430164
1.4574429181208708,1.2739313434878734
-0.1091560185762456,-0.7167185829537581
0.9125939687950476,1.3378607204990638
0.7976404373313198,1.3046469373334797
-1.1669472297734962,-0.7973610283795172
-0.9367444437637196,0.4878608761416168
1.534887153148867,-0.836120857926009
-1.3191851460304114,1.991424192196428
0.9234669351519246,-0.2164024137626692
-1.180785961254284,-0.7530217333485604
1.2213451943877058,0.1110692643532102
-1.2680437731004488,1.9523091933981576
1.4566811425916324,1.2029568042269732
-0.1700288097239137,-0.8424817192600639
0.9065787224911364,1.261080712954976
-1.3761311505729974,-0.2816004356003066
0.024925256228015,0.7164131212195032
-0.6368632594113197,-0.9845172643669048
0.775866511356998,-0.3417003869599375
-1.1485563622889354,-1.4250964173128833
-1.3177589422417788,1.9838296465050884
1.4546763747125542,1.1746814672914954
1.2741696401900453,0.0720150645761266
-0.9621292864301364,0.5080820962106615
-1.2973657155582536,2.0767167853079083
-0.7310213113557456,-0.9710185684932984
0.2528907697755778,-1.206172059736546
1.6108542565037616,-0.9271768468344622
-1.5612484707838157,-0.3164166063949243
-0.9092207112227296,0.4988179819647793
-1.2949506065305894,2.0480866212634616
0.016651983159813,0.7911059135145637
-1.1411980875610368,-0.8219088855164839
0.0210352692537375,0.7885744841053185
-0.8654695309619717,0.3938260767035683
0.8962862422753364,-0.1729949426864753
-0.302370353921667,1.1129255912983735
-0.6434839793458935,-1.0505342968399884
-1.336139277613843,1.9941158289396768
-0.2699704441973162,1.078175557442168
-1.279608455360382,1.96188560404188
-0.7495355720646395,-0.9003163519368999
-1.2822141577835229,1.9500357394926624
1.1867242154299014,0.1745687951271684
0.4542227532724552,-1.1660835501848164
0.3782387343707121,-1.239842561633679
-0.5540335153940936,-0.930809918521247
-0.0459993319322769,0.7746942036460654
-0.7360227749817796,-1.0389326621130883
0.9257122602630626,-0.2154594283245463
1.2179716168757904,0.1862150323049051
-0.6654176225714526,-0.9785966585980442
-1.2853445948058928,2.0129983176345725
-0.0537597914747051,-0.8003147414877294
-1.165608808759135,-0.7011849327080015
-0.1932090731732296,-0.8811944805698929
0.8006286297209543,-0.1965286619597632
-0.0211083081842231,-0.8184109665080255
-1.342911850985012,2.0317659974461937
-0.2777240627662407,1.1270213078297404
-0.8718262829245829,0.5746642743148076
-0.9431812237477192,0.5112664946362896
0.8350080751141347,1.3070603070879363
1.3715641695948946,1.1807798587915392
-0.5577734527697074,-0.9879340538240768
1.5777298638005994,-0.7960502918614979
-0.6532454889417391,-0.9888012152933616
-0.087321207286527,-0.8362395993895051
-0.1132830164119093,-0.7817454768841118
1.52894665629214,-0.8940994650499042
-0.5981018235655358,-0.9895116300991484
0.8012359131270913,-0.2879927375352984
1.3708443359416846,1.1696443366296172
-0.9184846284667814,0.3858921392285608
1.589180888631018,-0.8495650666975207
0.0523302523721956,0.8092660398643272
0.7960291127653109,1.3155017823260786
1.3781131820307504,1.2572270575005629
-1.1750579670478951,-1.403005044747344
-0.1280422289878058,-0.8183279450123984
1.366542637347914,1.142320363708554
-1.4359991275375577,-0.34111793586764
0.8041752242906406,1.2076852931712123
-0.1010232045138476,-0.7827998223687915
0.8209181188245618,-0.1829686636239472
-0.2562825649852394,1.212219913756782
-0.9758657187922174,0.5891682269984287
-0.6399004683376875,-1.050625424769539
-1.34449174983064,1.942371219295136
-0.0352244499786343,0.8253363119885468
-0.5809937487601124,-0.9171577915396716
-0.0999807500776139,0.832326132932287
1.372332265368719,1.189025999192805
0.7978090985083984,1.3482546796740105
-0.9578572661000616,0.503946105517998
1.1932287978781493,0.0665707439425179
-0.9622259347339333,0.5589977245445066
0.9022287309076688,1.2398788209799547
-1.4146666527065084,-0.3408672418522314
-0.050849201031126,0.7545387175622322
1.3801981670473495,1.2683393210994374
1.4440381209424709,1.164239125596661
-0.9664230128068868,0.4938003649175241
1.5989776007904315,-0.8560016886372778
-0.5896612183199641,-0.9134144692176668
1.215030990363407,0.003640958714854
-1.464763016515618,-0.5145911441020917
-1.415846643070496,-0.316378373268928
-0.1136217669271767,-0.6751112310139054
0.8598464532408291,1.3299779807755605
-1.2053246811972989,-1.4495115292832017
-1.3197616701383676,2.038249170688605
-1.0868094227469454,-1.4189234088795295
0.2978933903290636,-1.1653199913075292
0.2932723190083803,-1.242011064819876
-0.1299367509210614,-0.8412844589279198
-1.09864387360822,-0.8120632519543343
-0.6206674579252953,-0.9127066771023212
0.9201613448253384,-0.207237702618158
-0.6364509482141342,-1.039454147691545
1.3971166767303551,1.190564264334642
-0.0773497378192223,0.7813511321037304
1.2765087716963346,1.2766341444176648
1.4038997157090949,1.2888957529333924
-1.5190802168527802,-0.4610731628657491
-0.2862223532538463,1.1235832852097636
0.8156664468408492,-0.2858768186455646
-1.16631147443156,-0.864918632549525
-0.016583661684509,0.7140733009077573
0.8567110170306019,1.251626860688258
-0.0073893945066874,0.7585034991881412
-1.3245951481395646,1.9907254705962796
-1.0600779813139014,-0.7511439201326893
0.7655223758274715,1.2322637731387132
-0.1239085336572405,-0.7481873836809164
1.3448848908066109,1.2374209052400018
-0.1534478441565306,-0.6961516297635756
0.8400268115514916,1.2957486665651663
1.2138122964709848,0.1181067278487454
-1.4914142441575675,-0.3876824772881032
0.7533650859412796,-0.2868143730903789
0.7974869959405732,1.2897557703740807
0.4105207813186842,-1.18322728069698
-1.3714669153005028,1.9393980176114016
-1.205552304261277,-1.4670968655258152
0.8081494427580729,1.2153823520304203
-0.5445296281255029,-0.99813040771963
0.038546530074257,0.7446856285243455
1.421285039026276,1.232493422223168
-1.443478510502596,-0.3198459888852056
-0.6279000507603781,-0.9868622480387916
0.8693147758792142,-0.2325940122733874
-1.162861141835391,-1.4204888845318506
0.8637161745105228,-0.2383400434304856
-1.1387962009910453,-0.6773187028062683
0.8579517831195644,-0.2947422668179175
1.39872445945137,1.209656397130335
-1.1869357889785974,-0.7488639631820677
0.8537668426734022,1.3053149144646654
-0.09285933456042,0.7456073000907835
-1.174114440080993,-0.8001184596444609
0.8644050194771795,1.295450795649093
-1.395920100142512,2.04259488075955
0.2921477752456288,-1.1682084467117864
-0.0267621890353491,-0.7061135364582926
1.4300691698508678,1.2014900956114
1.2926478034805835,0.1073903073819741
-1.375785782524486,2.013571525284544
1.5203890659618422,-0.906025155450204
-1.0979682693577084,-1.3596131247996877
-0.1536133368695406,-0.841893593948154
-0.2809670237560914,1.1572338987329986
1.4671247542799375,1.2548165458527272
0.3130347020180544,-1.0896530100678088
0.9562973828297776,-0.2232280063752904
-0.0843328850821819,0.7660685963690974
-0.084908028123503,0.7297375193496807
1.6265280955507029,-0.8820840451294513
-0.0857225733128232,-0.7973316979580914
0.9158568330406468,-0.1991557983922242
0.7705523253640302,1.3508208391598968
0.8933552231898294,1.2179585181766917
0.7721316000500463,-0.3028813061223637
-0.3373353576542977,1.120695574624215
-1.086964940939091,-0.770883141568589
-1.507820898179801,-0.2575498656532732
0.8514539721059482,1.2274656470907055
-1.4107156055357413,-0.3670563435564822
-0.336776627433941,1.0853622632585038
-1.3163906696854497,2.086605698740936
-0.0943213950488641,-0.7464711219647405
1.5736387510109715,-0.8270867568988012
0.8768156491300866,1.2537278456263337
1.1945808509487508,0.0825464115522053
0.8443348830370168,-0.2617182386101102
-1.4570121756309171,-0.3929115792920263
-0.2259176202868264,1.1199894771049828
0.365195799227037,-1.16824450113909
1.4488333251206231,1.3016874383708938
-0.0193015657513259,0.8128018450424896
-0.0108442834785049,0.7322834520255791
-1.4419810630441403,-0.3857637202671657
-1.1513007974693887,-1.3895026691639725
1.376388175524189,1.2146986141493956
0.001926666099508,0.7601862274044481
1.555990061523821,-0.854656380795418
-1.343281701185376,1.9206715271803323
0.0438636572799142,0.8591352344547701
-1.1743772516205797,-0.7904574536781103
1.5866279858159134,-0.912876959854226
0.8172583691649848,-0.2827208152312146
0.0222596316963027,0.8737703501882601
-1.11209482337391,-0.8495664688491326
-1.1525970522512463,-0.755347672612612
-1.1268840284522756,-0.7968431979746012
0.4254480450658227,-1.2282611489224011
-0.2582685862224745,1.0720571410553277
0.9300699006335958,-0.1648929077916415
-0.0083557630245319,0.7407751199534218
0.8471525432785593,-0.2101721463793693
-0.8873454173098123,0.5147433087126777
-0.3263035568009108,1.1208442594030137
-0.1179640122536838,-0.757355675659455
-0.1102554160494106,-0.7110310805668334
1.2364880725726632,0.0033602016745869
0.8155861552105254,1.3165634863086664
-1.0403793892984063,-1.425088570451719
1.4027831870890777,1.1516287205913391
-0.922417828628748,0.5391916708262382
0.8445889236018838,1.2663927273562292
-0.1109033205462928,-0.7351610060253385
-0.9741334811039356,0.5083177278023016
0.8131327948236189,1.251711265883536
0.0515941307390576,0.7897600130385841
-1.1510229531536784,-1.423971130548706
-0.5729302396712708,-0.9814827428351636
1.334265952679282,1.135687120821534
-0.8812365394365435,0.5103471388218034
-0.920370565954309,0.5198966789824598
0.4026459374658463,-1.2358487059106174
-0.0344302610378456,0.7326986613758668
-1.0912971395773974,-1.4108362252710118
1.4306658188315031,1.2405097376269825
0.7802064298587534,1.3244337974547489
0.7289013750235324,1.3463345936494198
-1.3299004135391548,1.9430265705445464
1.287546537376419,0.0423758849847247
1.1931970581279936,0.1344632782822113
0.8899203039410488,-0.3031556437742601
-0.0387183221601486,0.7295359199605154
0.8003156933601069,-0.2453116355590103
1.206868560168089,0.0012706915371718
1.211734330568678,0.0272696167390964
0.3560455331678641,-1.2660135000116923
1.4600179650787868,-0.8744144093958746
-1.4602174558390226,-0.3761758431493311
0.816810989455931,-0.1852780905449937
0.3290052089610784,-1.3128572137118442
0.8675200939794586,-0.2072753205501534
-0.9358677727892192,0.6027226242198112
-0.6625827987053874,-0.9906164715350748
-0.0704326343915421,-0.7770810786267385
1.1875963724079015,0.0562565597908429
-0.0064247491011651,0.7352282626508841
0.8781388916670188,-0.2496808297061263
1.25105701952351,0.1066099437068157
1.4338793082635672,1.2696749918383572
-1.4445819368860202,-0.3362669653823057
-1.167503266895343,-0.7522923700160273
-1.1177159458067405,-1.4857308212195997
-0.9220662671662814,0.4816630661802637
0.9325785962408404,-0.3073774904968459
1.2677539495471188,0.0278129334894408
-1.4458906886419884,-0.3809185347853774
-0.5766630071346145,-0.970373092756464
-0.1521928968719556,-0.8319795954904656
0.3632457430260922,-1.1899425988953265
0.844695277141878,-0.254130491673096
1.5546242414775284,-0.8030967270334927
-0.3246194353025475,1.0678192079441562
-1.2320892717209,1.9942870379923023
1.1554496089470745,0.0562809689754284
1.4538679092416846,1.3024310707026938
-0.2422455393065239,1.0579285602473016
-1.445322490407981,-0.2343764210289147
-1.418611386946229,-0.3431444399939362
1.6209347210858822,-0.923087483930694
-1.1148220592287454,-0.8117813734712
-1.4928558270346708,-0.3922726463780737
-1.4651755795137176,-0.3469231751064998
0.4169570552606482,-1.25027302479932
-1.0954004703179303,-1.3960943388480918
-1.0611171919825548,-0.7325160403527224
1.3742458022672928,1.2232798748537848
1.5599759095046115,-0.8154462531810363
0.9907777546222274,-0.2260205831797624
1.3330418701595104,1.1875436361563878
-0.1390224702648811,-0.869491734022677
0.0443272413325574,0.8022637578462044
1.2384900976844184,0.0081576702536079
0.0477319470033803,0.7930726020682819
1.4682336336615358,-0.8265021899384551
1.3308016536917804,1.2085623047224616
-0.5083575535574052,-0.9060578176677382
-0.3281654425991922,1.081509573689437
1.1864725235130575,0.0834939044317683
-1.1010701988071412,-0.8347901990103124
0.8692985786727843,-0.2763539851791037
-1.5410302438743575,-0.3798103274434452
-1.0171684978533235,0.631956426174961
0.8834236844693752,-0.2295776972704353
0.9168986541766267,-0.2316845359200524
0.3499624580739546,-1.31000521134566
0.9069802396177328,-0.3057870343221894
-1.3399725979932082,1.9958520199050969
0.8868171805739846,-0.2293039267937257
-0.1188753770319206,-0.8726495803135615
-0.6072890213518057,-1.0552440090777624
-0.0209911699554517,0.8349332011468432
0.8061948675503978,1.2572675740096193
-0.912798977784758,0.4927550043829329
-0.1468563616566952,-0.7915612586431942
1.53047929362346,1.275333475225208
-1.156334966403296,-0.8804993533375818
0.8140164016056751,-0.271970870184798
0.3009191463899606,-1.2931747405203755
0.9121732306910116,-0.2567351501087549
1.519750257339154,1.3265948412775208
1.2474171197419788,0.0768835888426825
-1.4811088263078165,-0.3720317110505721
0.8512291867042142,-0.3765505386640156
-1.1443200216516456,-1.3348332026914655
-0.0313080179194017,0.7848727177114657
-1.096880230093238,-1.4355963848733244
1.4825760449111631,-0.923289211584713
-0.8592291115000639,0.4642617024849071
-0.007153692015501,0.7112812911862146
-0.3167878918111406,1.0187444859407162
-1.4555246796124073,-0.4180155013611586
0.923727544931518,-0.302530908607769
0.7857597008189541,-0.230210874174823
1.294390253296564,0.0335459484206989
-1.385862284326555,-0.4304727368326214
-0.1679242857471575,-0.7678016468332319
0.8661362302663117,-0.3765593348612254
-0.482919361935337,-0.9667442562270696
-0.0862946052731776,-0.764977479660429
0.7763423429730723,1.3241209370476654
-1.2918997427399823,1.9258698817213464
-0.1558802716928374,-0.8350128280636636
1.7110418669427216,-0.863008852836442
0.8359708614854254,1.3143402937862945
-0.1077672845880065,-0.7617506536790185
0.337113318979287,-1.138400598915989
-0.990232066319888,0.5466481940938154
-1.30716973339715,2.014313304774751
-0.6235326485150713,-1.0262832198079677
-1.0743887203876965,-0.7452738906063266
-0.9923197360675,0.4393473732070986
0.9050094400008852,1.216298103179525
-0.1965307054451295,1.0623853602399944
1.067635153993996,0.0693266295727707
-0.6409086396430168,-1.034850259219838
-1.1076547816587456,-0.782874040277619
-0.3427139292509849,1.042399051839487
0.7836391960612251,1.2425575605021162
-1.2172180222608378,2.0342558833801148
1.3891468211697726,1.092745880968426
-1.316745915657691,1.9594263676716
-0.1396563508878782,-0.7160823195891828
0.3964738619683353,-1.2973173476882764
-1.044004501593607,-0.7763166365240278
0.9219972259834612,-0.1526266243409384
-1.0530551948409177,-0.7280079269630431
0.8519110085181695,-0.2297535656212497
-0.344938503237264,1.141808413767601
-0.3057297398051236,1.0762211997922575
-0.2529167944557354,1.094107484772513
0.3266622497606077,-1.1883177275372765
-1.485926357480109,-0.2588836211358547
-0.8836287596185026,0.5254348259301432
0.9194276139686725,-0.171359839164085
-0.8893003128599526,0.4376859461125603
0.0192705067209028,0.8084317382186272
-0.1498032910545799,-0.8153977890439988
-1.2326275091628316,1.9439302883322207
0.3791450411320386,-1.2191144874430644
-0.6004386390328149,-1.056755286581517
-1.4011960493328437,-0.388036051046092
-1.1697547240331083,-1.4336540748060158
0.3417404051668976,-1.190184768306843
0.8162832631421599,1.2495624451047225
-0.1740984685719667,-0.8563142383074537
1.5601311894732994,-0.903603465534204
1.3514809575868836,1.2930522067171268
1.5703262096044324,-0.8806176288350607
-0.3476575071950623,1.1175817101936358
0.9323629700898506,1.298370370065096
1.5991987465043522,-0.8366355612149189
-0.5205459534999468,-0.9985560454677992
-0.2726730297561863,1.120305754684785
-1.491541540174511,-0.3778834473267146
-1.434249084512325,-0.3104596652367815
0.9044890051831748,1.2939207211412922
-1.367934593513845,2.044229647235897
1.3245431973999848,1.2726546519093134
0.9126139674232466,-0.23799356795853
1.361679083481604,1.1563311538843388
1.5018692888279452,-0.9525171075500056
-1.15564025495709,-1.4252493127376136
0.41111565382304,-1.1818049161893132
-0.3051218400035783,1.1108080865991876
0.9895486577263888,1.2552549833697797
-0.6305748397040077,-1.0202791369810609
-0.9396201064861108,0.5450337754976152
-0.1542938997609558,-0.7903579503020186
-0.2185447156131112,1.037558320893343
-0.1452747639911115,-0.7455422573257197
-1.0446828198424043,-0.8121559426182635
1.2177843644192885,-0.0086576652660804
1.181768960144442,0.0427366925761776
0.0054940986733001,0.8639531435227072
1.3721618072201422,1.1996064639717134
0.8821127164906496,-0.2003596736135413
0.0469073646435105,0.6844123315174113
-1.1056453749213475,-0.7889300901370617
-0.9934240411894868,0.5536948925592062
-1.4519482917813622,-0.4208017702267633
0.8977038460344527,-0.2509210522852105
1.5734153654719514,-0.8627953279783788
-1.2302615276432172,-1.480454430387967
0.8805228488496798,-0.2090767048899832
-0.5731915078083587,-0.9515570385710346
1.375829377353219,1.210692305581752
0.8173991723003644,1.252657503759782
1.484523564968833,1.1919594601510608
-0.988348846384665,0.592704698780952
-0.1537290133113489,-0.745599728555034
-0.9890418411934314,0.5253854245770525
-0.1810237208489822,-0.8052156731219837
1.2911654700047908,0.1446143628511932
-1.4711711262671698,-0.3893609757360746
0.8320683157643732,-0.1941959525380747
-1.5017235456091529,-0.3474971782234351
0.4554765144750118,-1.1658127790082025
0.9613808155849096,-0.2458219600562807
0.8491021771794386,-0.2322577196190335
1.496385730274798,-0.9003813543940233
0.2544853259917504,-1.2574485811117508
-0.5744355766229189,-0.9694113251426028
-1.487760135866267,-0.292694754789684
-0.6298183959224235,-0.927800721790322
-1.142252628425304,-1.3731533835370195
1.4252722634596255,1.1977246566709678
-0.6186005448326716,-0.9888215436699478
0.7931920071960312,1.2411416487176865
-1.1188140337035974,-0.7336272408149372
1.5251315676317685,-0.8926353224478073
-0.0483116841049356,-0.8944259059846522
-1.4841178541208204,-0.3427874754691506
-1.0956140297992734,-0.8782776755119882
1.2272775071643327,0.1159164517338609
-1.399253802576166,-0.3580310897532638
-0.0055877928992528,0.7949601869899442
-1.0485980829250765,-0.7549056288801445
-0.9895812268901868,0.4542523942465888
1.1600101337737967,0.1460474194969577
-0.7647700803892037,-1.0329080546908933
-0.0476178835732925,0.7507963039625458
0.0489717608328317,0.7837583186817824
-0.1904218900059522,-0.8903183488369029
1.2731564160917055,0.0965419801446354
-1.115325741060801,-1.3983067770902426
0.3504745887147039,-1.2923087082946572
-1.2597812862102555,1.9954190069321336
0.3188456412322163,-1.118879825510188
-1.1001746373273915,-0.7285082209066823
-0.3325156984199732,1.0895691869885444
1.4754155557458903,-0.8960220931104551
0.3202543085289202,-1.1679857007217795
-0.6140050855990575,-1.0072688421150018
-0.5879870136982241,-1.0810925414160149
0.9139858514946408,1.2077965167180038
0.0571841923998091,0.8031673571246168
-1.1324139400335698,-1.450196940853364
1.2910135231190083,0.1115201988985016
1.58257301685581,-0.8675109570714377
-0.2534089121651215,1.1807253014392676
-0.9669551306900562,0.4657635715963498
-1.0866465702350203,-0.8379755246145175
0.8417554483118372,-0.2174851320915319
-0.3272148689088485,1.1019992437553146
0.8082825648252928,-0.2470456947465565
-0.3154003679272196,1.1142587403339457
-0.5818443280013774,-1.0567384020853765
1.1803739023708617,0.0207636681931232
0.8314257394169732,1.2508982245477749
-0.527218545666487,-0.9377737598861184
1.313206364228957,1.1842658063738447
1.2078652780754358,0.0349468435205729
0.875197486922829,-0.2036215090646208
1.1807378183932031,0.0949889235325062
-1.1119793015146138,-1.5230085869059813
0.8302950609576075,1.2612111600886329
-1.5070692125581275,-0.3977856614570788
-0.1819599689754849,-0.8024736144967547
-1.4795868611031318,-0.3313201606284413
-0.2387045183366613,-0.7359304692738291
0.9555299457236004,-0.1736780897515265
0.8593247588825648,-0.2314329101939439
-0.6788755681220554,-0.9170992352992904
-1.1403657607261433,-1.4184038662193186
1.5797234236319402,-0.8994588174414557
-1.204353859411616,-1.4563548529105834
1.5005061173716572,-0.7575694231516289
0.8831757646685533,1.212047796822485
1.1776502572940628,0.1165373847075647
-0.0920470183895433,0.7783824227568583
-0.8627870083650269,0.5888006414118179
-1.5530095922178078,-0.4411985942253245
-0.2385368923265379,1.1317678207743298
-1.301192600868894,1.980452898221692
0.2822548711633789,-1.126774104435562
-1.158162703698205,-1.5019339958567564
-1.4265476351988675,-0.4087016331210855
-1.1999442640370763,-0.682176392233145
-0.5874787531183882,-1.028796519758025
-0.6224508800112026,-0.9502107398045332
1.286282244304393,0.0061876450700813
-1.1890905716371534,-0.8780794493097268
-1.109894647261548,-1.4718638152167012
-1.1447590161770649,-0.8989615474698347
1.2962218557850658,0.1437911491782004
0.0161069840438723,0.7344898330332648
0.211750852784066,-1.1355614682607134
-0.6683896055519665,-1.0198785324801891
0.787196023373482,1.2061633591751495
-0.6800832177692571,-1.0301219144691711
0.9183539821200978,-0.2949130957677358
0.2940561409881232,-1.1740638006530075
0.2636388345892771,-1.1768466589517268
1.4125645527644812,1.1881853759906995
-0.928277138815355,0.5148501392733648
0.7893833518781735,-0.2817377039174258
-0.0867846663803998,-0.8507755825152945
-1.188085614307587,-0.7853419791698609
-0.5817614802847323,-0.9018978448553376
1.5411688060223196,-0.8726275600170474
0.343900413059185,-1.1771586178125506
-0.6477467547897626,-0.998820571537081
-0.250175706419147,1.123000049716949
-0.3391468600291211,1.041225022979357
0.3184156486988732,-1.1512572706199091
-0.600291407308384,-1.0418792711503495
0.8649350622658899,-0.2622378236385865
0.8392125822733749,1.303962310349782
-1.0304150077081615,0.3496846148786571
0.3822315324861766,-1.170224261682269
-0.1204091207189379,-0.7429755881380397
-1.1381872094012828,-1.448230433204449
-0.6753427638741134,-0.9748759702510208
-1.4134834313916576,-0.2832228065071959
1.4254227733301186,1.1141361878916047
-0.1491252076935075,-0.8320959600423224
0.9359451661012492,1.2874638392978872
1.420743068818501,1.2014686037555846
-1.133415281353305,-1.40656718227002
-1.378995828941962,1.9629703473173423
-0.3415792986440837,1.0454459770495093
0.9310254526459164,-0.2520277414052738
-1.2058381110653562,-0.8197801785376745
-0.9865436672108712,0.5158649091100388
-1.106778215451128,-0.8496765971621366
0.882086013247303,-0.2523764954107908
-0.9201521391982164,0.4984467134073893
-1.1015130635005683,-0.793606043055935
0.836872874863781,-0.2300347276256001
1.184115985918193,0.0280097967846947
-0.5980521958459534,-1.0320846574712903
1.266785728069157,-0.006504957568138
0.8948234391956399,-0.274250943424124
-0.3826981100214235,1.1096281530025347
-0.1558819857693084,-0.7767683907143124
1.3448415207852185,1.378853474140792
-0.1448066446096164,-0.7958129419770239
0.8135246940658432,1.2705559687591863
0.8838066127922425,-0.1669720498449358
0.2527375341164763,-1.0709779427838937
-0.1101170114640568,-0.7661513365004281
-1.1864296651385875,-1.4806371662454352
1.462448832649181,-0.9113435042499688
-1.383704528435304,2.0030706319580154
1.5239386967445268,-0.8941793254810124
-1.5009769093771204,-0.306212382882738
0.4791295375804218,-1.1287186851342237
1.243121608729078,0.1960097942925874
0.0360852922281886,0.8185860055740213
-1.0434379610799367,-1.4476373739822368
0.8901768073933728,-0.1731300833032049
-1.1182499602942868,-0.7616866080208781
0.3139282548276946,-1.0881929732362856
0.8509839144751478,1.2983920527457342
-1.1506531062636685,-0.8581013061711475
1.1488126622311192,0.0455275909550786
1.5062537424506517,-0.8750063489999271
-1.4608549370213415,-0.370160365157037
1.4640940279387664,-0.9097631906930242
-0.8741112808073571,0.471171520421154
-1.1615419796337685,-1.397847589191595
-0.2800365660125657,1.0822002058766302
-0.5955242708080566,-0.9833879517814096
0.0203240659878693,0.8209133054356567
-1.1380939491217965,-1.4516366632451618
-1.206282385386935,-1.4812722941314986
1.1627568712525462,0.1753501736368807
-1.128698311408301,-0.7438462585929436
1.4955509116877188,1.199370143461232
0.8025484307589138,-0.2465258965249717
-0.0509574181631964,0.7030196344883733
-1.3503947183305716,1.9115754964051552
0.8849188695614248,-0.1684115865158393
-0.955744247148886,0.607338443803219
-0.3307135032227507,1.0551516594168042
-1.2180317722930047,-0.8248605664778009
-1.1553252891645387,-1.386300433151875
-1.4647393876882258,-0.3499984889834573
-1.1732592957642498,-1.4671211674633309
0.851772360058468,-0.2066718291733869
-0.5689719930326321,-0.9192399094886212
-0.1308043507669571,-0.7943010481273257
-1.1424284643796134,-0.8041464114993302
-1.1256799829109496,-0.818555720954526
0.8746638383143296,-0.2513616924666641
0.9370401348669524,1.27696664365321
1.1549499580860694,-0.0039175865969179
-0.9989946712079014,0.4925909628738179
-1.0461554345323087,0.4414369860535315
-0.1573629094821218,-0.7919847873885167
-0.934292042313579,0.4544659611867225
1.286352668930976,1.26646590742432
-1.2602711914450746,2.073409692255361
-1.112919221226668,-0.8057215974353484
1.2138442907398943,0.0926415938627228
0.85094872986907,-0.2123401995556732
0.4725981941903205,-1.1880014783498216
-1.0671780447738604,-0.7617903932730817
1.4573431995689623,1.246960740037394
-0.0323004721024619,0.8043905801066651
-0.5161622367210619,-0.9599698805551894
-0.0027320150586254,0.7419643205029378
0.3527123621057443,-1.1601933962346598
0.880595964626758,-0.270961908924765
-0.4989615724845898,-0.9868823191378384
0.7793246055712583,-0.1655470467493852
-1.0618113937428335,0.5012896375236146
-1.5399845833323975,-0.4010167258290631
1.233914018307593,0.0985944960430984
-1.074259522927226,-1.4934935145761856
-1.2832607254055002,2.083059846105339
-0.2847837530628773,1.119097177561165
0.9180372720495203,-0.176984237817413
-0.6413643026285123,-0.9881376590082014
0.8317981788840076,1.2860714392429282
0.9197212265418772,-0.2391668093797964
1.276225316415908,0.1905187627527372
-1.2481894245006826,2.033020328383006
-1.4502655740033852,-0.3172602897939476
0.90888495755621,-0.2157099907189145
-1.1165920518995096,-0.7905784136025394
-1.444735715605372,-0.3809115001438996
1.50746370731586,-0.8861762746273846
-1.3481620636007865,1.978240343345436
-0.0276643551465157,0.7762840543562284
-1.249175676019897,2.04714069653705
0.0232058997925731,0.8194713379926354
-0.0111728671193805,0.8190440591019854
0.3675734513492046,-1.2375668492188292
0.7704060489496686,1.2370741331029458
-1.5512219449809903,-0.4284681565852931
1.1807224907642266,-0.0358140045869703
0.9555962194124058,-0.1921638601876381
-1.0149970412564655,-1.4134038729414042
-0.0134193533507349,0.7666434278824298
-1.1316690296802134,-1.526942111238429
0.299979994234796,-1.110168428624808
0.91704624066101,-0.2829295201370376
1.1383984335657529,0.0600870263003453
-0.2066519925906828,-0.716358178470671
-1.0834852743254424,-1.4121189979056503
1.1844498432794994,0.072626294340625
-1.4245962156766212,-0.4129572408910594
1.3651225593781748,1.1914617475075568
-0.5855063710288508,-0.9905731441542336
0.3285678578180824,-1.1927426836299508
-0.4457999389755784,1.1128899330418038
0.0007140505802412,0.7774598962835919
-1.117852624615079,-0.8137411891698985
0.3372757941592363,-1.1764964256939014
0.8355447802167147,-0.2427627371470364
0.8604421097921812,-0.2189671153029651
0.343816592149989,-1.160403499518054
-0.6443172853784421,-1.0154384685040432
0.7743939979965281,1.2286256326749678
-1.2436558831783606,2.10165971237993
1.4673262769295383,1.25075751895672
1.4011502557254991,1.2763659366785085
-1.204124412349352,-1.4526867409836708
-1.3222388150619273,1.920454564677751
-1.198446150635847,-1.4383471107941492
1.5158772565910628,1.1374288175689211
0.9445124549806184,-0.2007717105249774
-1.4749347587546884,-0.3008548633832339
1.5120160403362728,-0.8193172818589645
1.1232035475451554,0.0294368396300333
-1.1224157259116845,-0.7224663051858107
0.9279509006546002,-0.2231738127892895
-0.5516848079839702,-0.9695957289035974
-1.354714138333912,1.937974917936853
1.4217652654144106,1.2191859371406029
0.8573076433491548,-0.2839972565459601
0.858997486430948,1.2974630575792712
-0.6329603451258404,-0.9449439176254872
0.7728511062103816,-0.3547320108936336
-1.158559332674172,-1.4805525016109604
-1.129643723368047,-1.5450890581846366
-0.6045667886305998,-1.0560897569404253
-1.1600712557739,-0.81863620051602
0.7831660831570016,-0.1581581557086357
-0.6834586782594844,-1.0731164218431586
0.4189152541527213,-1.1920908010637423
-0.0652535086706082,-0.7850516846042886
-0.6104465473750244,-0.9701037463283206
1.364870713550598,1.1917152411464744
-1.4814863431338765,-0.2982243219769919
-1.1589909612937253,-1.4544759903445177
1.25737522731575,0.0460975213688157
-0.9507850536481368,0.506424185045607
-0.3177093114249941,1.0676602585748858
0.8188407540051862,-0.2763555269491994
-1.447761532060727,-0.4640241565341013
-0.1909634088021337,1.133652060868277
-0.6959768726052253,-0.9507590498708348
-1.1289005955868847,-1.410471858135001
1.1811266432614391,0.0728921925195634
1.1908569304177314,0.1131137450757502
0.4194203626483027,-1.186198131968913
0.3703206691510221,-1.2452455496818502
-1.0862221866034636,-0.8069572987572847
0.8577730003711448,1.3528350349158729
-0.6164293764155696,-1.006361398590562
-0.3296363273061889,1.0485701392907028
-1.3769080793824098,-0.3188527084054443
0.8634422047294121,-0.1990915990455364
-0.0390323801346929,0.7565874777938705
-1.0866554561787645,-1.408742371331344
1.2247494022142094,0.0768812351641731
1.6039574808394612,-0.838828032436626
-0.0484710035627756,0.7948965873680314
1.5514131014074084,-0.8237328785846315
-1.190609290094422,-1.4169548358124495
-0.4042752920025638,1.1586414049974747
-0.6530222475695866,-1.0548221641111053
-0.5871883869190133,-0.9681527465771572
0.8198807742117714,1.3410882766680745
-1.1721224840398738,-1.344661666923075
1.4415965361367618,1.2001029924035358
0.9081299546495122,-0.1939802800090103
-0.3431737107484952,1.0756741210987195
1.2797534226046403,1.2096016015241924
-1.4822425166337636,-0.3432556760118136
1.5594180558569704,-0.8913080088782429
0.9223551273816932,1.2999075780518323
-0.0351155787694733,-0.7500800429970552
-1.4000632186815627,-0.4210812384480931
1.4626714410363604,1.1412227599357767
0.7904623432502976,1.290632425841953
-0.946027082143162,0.4436978629556119
1.156240452758806,0.1144477814221543
0.8256215276003988,1.1955245406749933
-0.3187274800118449,1.056693407400481
-0.0571625931149812,0.7207602567606683
-0.6593644335629782,-1.0088331305950138
0.7845357266109856,1.2783513261105677
-0.1652493131318193,-0.7430468623587095
-0.699095171329515,-0.946115330722692
-0.141684129875963,0.7246104765891136
-1.031537680353368,0.4454771309313
0.2756468936757829,-1.2366855557214955
0.9481027484817548,-0.2568009634228098
